insert ignore ignore into `service_code`(`code`,`description`,`display_order`) values ('104','Professional attendance at consulting rooms or hospital by a specialist in the practice of his or he...',104);
insert ignore into `service_code`(`code`,`description`,`display_order`) values ('105','Professional attendance by a specialist in the practice of his or her specialty following referral o...',105);
insert ignore into `service_code`(`code`,`description`,`display_order`) values ('106','Professional attendance by a specialist in the practice of his or her specialty of ophthalmology and...',106);
insert ignore into `service_code`(`code`,`description`,`display_order`) values ('107','Professional attendance by a specialist in the practice of his or her specialty following referral o...',107);
insert ignore into `service_code`(`code`,`description`,`display_order`) values ('108','Professional attendance by a specialist in the practice of his or her specialty following referral o...',108);
insert ignore into `service_code`(`code`,`description`,`display_order`) values ('109','Professional attendance by a specialist in the practice of his or her specialty of ophthalmology fol...',109);
insert ignore into `service_code`(`code`,`description`,`display_order`) values ('110','Professional attendance at consulting rooms or hospital by a consultant physician in the practice o...',110);
insert ignore into `service_code`(`code`,`description`,`display_order`) values ('111','Professional attendance at consulting rooms or in hospital by a specialist in the practice of his or...',111);
insert ignore into `service_code`(`code`,`description`,`display_order`) values ('112','Professional attendance on a patient by a consultant physician practising in his or her specialty if...',112);
insert ignore into `service_code`(`code`,`description`,`display_order`) values ('113','Initial professional attendance of 10 minutes or less in duration on a patient by a specialist in th...',113);
insert ignore into `service_code`(`code`,`description`,`display_order`) values ('114','Initial professional attendance of 10 minutes or less in duration on a patient by a consultant physi...',114);
insert ignore into `service_code`(`code`,`description`,`display_order`) values ('116','Professional attendance at consulting rooms or hospital by a consultant physician in the practice o...',116);
insert ignore into `service_code`(`code`,`description`,`display_order`) values ('117','Professional attendance at consulting rooms or in hospital by a consultant physician in the practic...',117);
insert ignore into `service_code`(`code`,`description`,`display_order`) values ('119','Professional attendance at consulting rooms or hospital by a consultant physician in the practice o...',119);
insert ignore into `service_code`(`code`,`description`,`display_order`) values ('120','Professional attendance at consulting rooms or in hospital by a consultant physician in the practice...',120);
insert ignore into `service_code`(`code`,`description`,`display_order`) values ('122','Professional attendance at a place other than consulting rooms or hospital by a consultant physicia...',122);
insert ignore into `service_code`(`code`,`description`,`display_order`) values ('128','Professional attendance at a place other than consulting rooms or hospital by a consultant physicia...',128);
insert ignore into `service_code`(`code`,`description`,`display_order`) values ('131','Professional attendance at a place other than consulting rooms or hospital by a consultant physicia...',131);
insert ignore into `service_code`(`code`,`description`,`display_order`) values ('132','Professional attendance by a consultant physician in the practice of his or her specialty (other tha...',132);
insert ignore into `service_code`(`code`,`description`,`display_order`) values ('133','Professional attendance of at least 20 minutes duration subsequent to the first attendance in a sing...',133);
insert ignore into `service_code`(`code`,`description`,`display_order`) values ('135','Professional attendance of at least 45 minutes in duration at consulting rooms or hospital by a con...',135);
insert ignore into `service_code`(`code`,`description`,`display_order`) values ('137','Specialist or consultant physician referred consultation for assessment diagnosis and development...',137);
insert ignore into `service_code`(`code`,`description`,`display_order`) values ('139','Professional attendance of at least 45 minutes in duration at consulting rooms only by a general pr...',139);
insert ignore into `service_code`(`code`,`description`,`display_order`) values ('141','Professional attendance of more than 60 minutes in duration at consulting rooms or hospital by a con...',141);
insert ignore into `service_code`(`code`,`description`,`display_order`) values ('143','Professional attendance of more than 30 minutes in duration at consulting rooms or hospital by a con...',143);
insert ignore into `service_code`(`code`,`description`,`display_order`) values ('145','Professional attendance of more than 60 minutes in duration at a place other than consulting rooms o...',145);
insert ignore into `service_code`(`code`,`description`,`display_order`) values ('147','Professional attendance of more than 30 minutes in duration at a place other than consulting rooms o...',147);
insert ignore into `service_code`(`code`,`description`,`display_order`) values ('149','Professional attendance on a patient by a consultant physician or specialist practising in his or he...',149);
insert ignore into `service_code`(`code`,`description`,`display_order`) values ('160','Professional attendance for a period of not less than 1 hour but less than 2 hours (other than a ser...',160);
insert ignore into `service_code`(`code`,`description`,`display_order`) values ('161','Professional attendance for a period of not less than 2 hours but less than 3 hours (other than a se...',161);
insert ignore into `service_code`(`code`,`description`,`display_order`) values ('162','Professional attendance for a period of not less than 3 hours but less than 4 hours (other than a se...',162);
insert ignore into `service_code`(`code`,`description`,`display_order`) values ('163','Professional attendance for a period of not less than 4 hours but less than 5 hours (other than a se...',163);
insert ignore into `service_code`(`code`,`description`,`display_order`) values ('164','Professional attendance for a period of 5 hours or more (other than a service to which another item...',164);
insert ignore into `service_code`(`code`,`description`,`display_order`) values ('170','Professional attendance for the purpose of group therapy of not less than 1 hour in duration given u...',170);
insert ignore into `service_code`(`code`,`description`,`display_order`) values ('171','Professional attendance for the purpose of group therapy of not less than 1 hour in duration given u...',171);
insert ignore into `service_code`(`code`,`description`,`display_order`) values ('172','Professional attendance for the purpose of group therapy of not less than 1 hour in duration given u...',172);
insert ignore into `service_code`(`code`,`description`,`display_order`) values ('173','Professional attendance at which acupuncture is performed by a medical practitioner by application o...',173);
insert ignore into `service_code`(`code`,`description`,`display_order`) values ('193','Professional attendance by a general practitioner who is a qualified medical acupuncturist at a pla...',193);
insert ignore into `service_code`(`code`,`description`,`display_order`) values ('197','Professional attendance by a general practitioner who is a qualified medical acupuncturist at a pla...',197);
insert ignore into `service_code`(`code`,`description`,`display_order`) values ('199','Professional attendance by a general practitioner who is a qualified medical acupuncturist at a pla...',199);
insert ignore into `service_code`(`code`,`description`,`display_order`) values ('23','Professional attendance by a general practitioner at consulting rooms (other than a service to which...',23);
insert ignore into `service_code`(`code`,`description`,`display_order`) values ('288','Professional attendance on a patient by a consultant physician practising in his or her specialty of...',288);
insert ignore into `service_code`(`code`,`description`,`display_order`) values ('289','Professional attendance of at least 45 minutes in duration at consulting rooms or hospital by a con...',289);
insert ignore into `service_code`(`code`,`description`,`display_order`) values ('291','Consultant psychiatrist referred patient assessment and management plan professional attendance by...',291);
insert ignore into `service_code`(`code`,`description`,`display_order`) values ('293','Consultant psychiatrist review of referred patient assessment and managementprofessional attendance...',293);
insert ignore into `service_code`(`code`,`description`,`display_order`) values ('296','Professional attendance of more than 45 minutes in duration by a consultant physician in the practic...',296);
insert ignore into `service_code`(`code`,`description`,`display_order`) values ('297','Professional attendance of more than 45 minutes by a consultant physician in the practice of his or...',297);
insert ignore into `service_code`(`code`,`description`,`display_order`) values ('299','Professional attendance of more than 45 minutes by a consultant physician in the practice of his or...',299);
insert ignore into `service_code`(`code`,`description`,`display_order`) values ('3','Professional attendance at consulting rooms (other than a service to which another item applies) by...',3);
insert ignore into `service_code`(`code`,`description`,`display_order`) values ('300','Professional attendance by a consultant physician in the practice of his or her specialty of psychia...',300);
insert ignore into `service_code`(`code`,`description`,`display_order`) values ('302','Professional attendance by a consultant physician in the practice of his or her specialty of psychia...',302);
insert ignore into `service_code`(`code`,`description`,`display_order`) values ('304','Professional attendance by a consultant physician in the practice of his or her specialty of psychia...',304);
insert ignore into `service_code`(`code`,`description`,`display_order`) values ('306','Professional attendance by a consultant physician in the practice of his or her specialty of psychia...',306);
insert ignore into `service_code`(`code`,`description`,`display_order`) values ('308','Professional attendance by a consultant physician in the practice of his or her specialty of psychia...',308);
insert ignore into `service_code`(`code`,`description`,`display_order`) values ('310','Professional attendance by a consultant physician in the practice of his or her specialty of psychia...',310);
insert ignore into `service_code`(`code`,`description`,`display_order`) values ('312','Professional attendance by a consultant physician in the practice of his or her specialty of psychia...',312);
insert ignore into `service_code`(`code`,`description`,`display_order`) values ('314','Professional attendance by a consultant physician in the practice of his or her specialty of psychia...',314);
insert ignore into `service_code`(`code`,`description`,`display_order`) values ('316','Professional attendance by a consultant physician in the practice of his or her specialty of psychia...',316);
insert ignore into `service_code`(`code`,`description`,`display_order`) values ('318','Professional attendance by a consultant physician in the practice of his or her specialty of psychia...',318);
insert ignore into `service_code`(`code`,`description`,`display_order`) values ('319','Professional attendance by a consultant physician in the practice of his or her specialty of psychia...',319);
insert ignore into `service_code`(`code`,`description`,`display_order`) values ('320','Professional attendance by a consultant physician in the practice of his or her specialty of psychia...',320);
insert ignore into `service_code`(`code`,`description`,`display_order`) values ('322','Professional attendance by a consultant physician in the practice of his or her specialty of psychia...',322);
insert ignore into `service_code`(`code`,`description`,`display_order`) values ('324','Professional attendance by a consultant physician in the practice of his or her specialty of psychia...',324);
insert ignore into `service_code`(`code`,`description`,`display_order`) values ('326','Professional attendance by a consultant physician in the practice of his or her specialty of psychia...',326);
insert ignore into `service_code`(`code`,`description`,`display_order`) values ('328','Professional attendance by a consultant physician in the practice of his or her specialty of psychia...',328);
insert ignore into `service_code`(`code`,`description`,`display_order`) values ('330','Professional attendance by a consultant physician in the practice of his or her specialty of psychia...',330);
insert ignore into `service_code`(`code`,`description`,`display_order`) values ('332','Professional attendance by a consultant physician in the practice of his or her specialty of psychia...',332);
insert ignore into `service_code`(`code`,`description`,`display_order`) values ('334','Professional attendance by a consultant physician in the practice of his or her specialty of psychia...',334);
insert ignore into `service_code`(`code`,`description`,`display_order`) values ('336','Professional attendance by a consultant physician in the practice of his or her specialty of psychia...',336);
insert ignore into `service_code`(`code`,`description`,`display_order`) values ('338','Professional attendance by a consultant physician in the practice of his or her specialty of psychia...',338);
insert ignore into `service_code`(`code`,`description`,`display_order`) values ('342','Group psychotherapy (including any associated consultations with a patient taking place on the same...',342);
insert ignore into `service_code`(`code`,`description`,`display_order`) values ('344','Group psychotherapy (including any associated consultations with a patient taking place on the same...',344);
insert ignore into `service_code`(`code`,`description`,`display_order`) values ('346','Group psychotherapy (including any associated consultations with a patient taking place on the same...',346);
insert ignore into `service_code`(`code`,`description`,`display_order`) values ('348','Professional attendance by a consultant physician in the practice of his or her recognised specialty...',348);
insert ignore into `service_code`(`code`,`description`,`display_order`) values ('350','professional attendance by a consultant physician in the practice of his or her specialty of psychia...',350);
insert ignore into `service_code`(`code`,`description`,`display_order`) values ('352','Professional attendance by a consultant physician in the practice of his or her specialty of psychia...',352);
insert ignore into `service_code`(`code`,`description`,`display_order`) values ('353','a telepsychiatry consultation by a consultant physician in the practice of his or her specialty of p...',353);
insert ignore into `service_code`(`code`,`description`,`display_order`) values ('355','A telepsychiatry consultation of more than 15 minutes duration but not more than 30 minutes duration...',355);
insert ignore into `service_code`(`code`,`description`,`display_order`) values ('356','a telepsychiatry consultation of more than 30 minutes duration but not more than 45 minutes duration...',356);
insert ignore into `service_code`(`code`,`description`,`display_order`) values ('357','a telepsychiatry consultation of more than 45 minutes duration but not more than 75 minutes duration...',357);
insert ignore into `service_code`(`code`,`description`,`display_order`) values ('36','Professional attendance by a general practitioner at consulting rooms (other than a service to which...',36);
insert ignore into `service_code`(`code`,`description`,`display_order`) values ('44','Professional attendance by a general practitioner at consulting rooms (other than a service to which...',44);
insert ignore into `service_code`(`code`,`description`,`display_order`) values ('52','Professional attendance at consulting rooms of not more than 5 minutes in duration (other than a ser...',52);
insert ignore into `service_code`(`code`,`description`,`display_order`) values ('53','Professional attendance at consulting rooms of more than 5 minutes in duration but not more than 25...',53);
insert ignore into `service_code`(`code`,`description`,`display_order`) values ('54','Professional attendance at consulting rooms of more than 25 minutes in duration but not more than 45...',54);
insert ignore into `service_code`(`code`,`description`,`display_order`) values ('57','Professional attendance at consulting rooms of more than 45 minutes in duration (other than a servic...',57);
insert ignore into `service_code`(`code`,`description`,`display_order`) values ('99','Professional attendance on a patient by a specialist practising in his or her specialty if: (a) the...',99);
insert ignore into `service_code`(`code`,`description`,`display_order`) values ('AB003','BioGlue Surgical Adhesive - 5ml Syringe System Model No BG3515-5-A (BioGlue Surgical Adhesive) One size only',1000);
insert ignore into `service_code`(`code`,`description`,`display_order`) values ('AB004','BioGlue Surgical Adhesive - 10ml Syringe System Model No BG3510-5-A (BioGlue Surgical Adhesive) One size only',1001);
insert ignore into `service_code`(`code`,`description`,`display_order`) values ('AB008','BioGlue Surgical Adhesive - Syringe Standard Applicator Tip Model No BGAT-SY (BioGlue Surgical Adhesive) Standard Applicator Tip',1002);
insert ignore into `service_code`(`code`,`description`,`display_order`) values ('AB009','BioGlue Surgical Adhesive - Syringe 10cm Extender Model No BGAT-10-SY (BioGlue Surgical Adhesive) 10cm Extender',1003);
insert ignore into `service_code`(`code`,`description`,`display_order`) values ('AB010','BioGlue Surgical Adhesive - Syringe 27CM Extender Model No BGAT-27-SY (BioGlue Surgical Adhesive) 27cm Extender',1004);
insert ignore into `service_code`(`code`,`description`,`display_order`) values ('AB074','FLEXIGRIP (Various Sizes) Nitinol Sternal Closure Clips - various sizes 20mm - 40mm',1005);
insert ignore into `service_code`(`code`,`description`,`display_order`) values ('AB075','BioGlue Surgical Adhesive - 2ml Syringe System Model No BG3502-5-A (BioGlue Surgical Adhesive) 2ml',1006);
insert ignore into `service_code`(`code`,`description`,`display_order`) values ('FIX01','Critical care - 1st 21 days',1);
insert ignore into `service_code`(`code`,`description`,`display_order`) values ('FIX02','Critical care - over 21 days',2);
insert ignore into `service_code`(`code`,`description`,`display_order`) values ('FIX03','Acute non critical care - 1st 21 days',3);
insert ignore into `service_code`(`code`,`description`,`display_order`) values ('FIX04','Acute non critical care - over 21 days',4);
insert ignore into `service_code`(`code`,`description`,`display_order`) values ('FIX05','Working & student Visa Critical care',5);
insert ignore into `service_code`(`code`,`description`,`display_order`) values ('FIX06','Working & student Visa Acute non critical care',6);
insert ignore into `service_code`(`code`,`description`,`display_order`) values ('FIX07','Sub acute (rehab,maintenance,palliative)',7);
insert ignore into `service_code`(`code`,`description`,`display_order`) values ('FIX08','Dialysis',8);
insert ignore into `service_code`(`code`,`description`,`display_order`) values ('FIX09','Medical Treatment Fee (hospital doctor)',6);
insert ignore into `service_code`(`code`,`description`,`display_order`) values ('FIX10','Pathology',7);
insert ignore into `service_code`(`code`,`description`,`display_order`) values ('FIX11','Medical Treatment Fee (hospital doctor)',8);


insert ignore into `prosthesis_item_code`(`rate`,`code`) values (658,'AB003');
insert ignore into `prosthesis_item_code`(`rate`,`code`) values (1316,'AB004');
insert ignore into `prosthesis_item_code`(`rate`,`code`) values (24,'AB008');
insert ignore into `prosthesis_item_code`(`rate`,`code`) values (29,'AB009');
insert ignore into `prosthesis_item_code`(`rate`,`code`) values (29,'AB010');
insert ignore into `prosthesis_item_code`(`rate`,`code`) values (134,'AB074');
insert ignore into `prosthesis_item_code`(`rate`,`code`) values (357,'AB075');


insert ignore into `mbs_item_code`(`code`,`rate`) values ('104',85.55);
insert ignore into `mbs_item_code`(`code`,`rate`) values ('105',43);
insert ignore into `mbs_item_code`(`code`,`rate`) values ('106',71);
insert ignore into `mbs_item_code`(`code`,`rate`) values ('107',125.5);
insert ignore into `mbs_item_code`(`code`,`rate`) values ('108',79.45);
insert ignore into `mbs_item_code`(`code`,`rate`) values ('109',192.8);
insert ignore into `mbs_item_code`(`code`,`rate`) values ('110',150.9);
insert ignore into `mbs_item_code`(`code`,`rate`) values ('111',43);
insert ignore into `mbs_item_code`(`code`,`rate`) values ('112',0);
insert ignore into `mbs_item_code`(`code`,`rate`) values ('113',64.2);
insert ignore into `mbs_item_code`(`code`,`rate`) values ('114',113.2);
insert ignore into `mbs_item_code`(`code`,`rate`) values ('116',75.5);
insert ignore into `mbs_item_code`(`code`,`rate`) values ('117',75.5);
insert ignore into `mbs_item_code`(`code`,`rate`) values ('119',43);
insert ignore into `mbs_item_code`(`code`,`rate`) values ('120',43);
insert ignore into `mbs_item_code`(`code`,`rate`) values ('122',183.1);
insert ignore into `mbs_item_code`(`code`,`rate`) values ('128',110.75);
insert ignore into `mbs_item_code`(`code`,`rate`) values ('131',79.75);
insert ignore into `mbs_item_code`(`code`,`rate`) values ('132',263.9);
insert ignore into `mbs_item_code`(`code`,`rate`) values ('133',132.1);
insert ignore into `mbs_item_code`(`code`,`rate`) values ('135',263.9);
insert ignore into `mbs_item_code`(`code`,`rate`) values ('137',263.9);
insert ignore into `mbs_item_code`(`code`,`rate`) values ('139',132.5);
insert ignore into `mbs_item_code`(`code`,`rate`) values ('141',452.65);
insert ignore into `mbs_item_code`(`code`,`rate`) values ('143',282.95);
insert ignore into `mbs_item_code`(`code`,`rate`) values ('145',548.85);
insert ignore into `mbs_item_code`(`code`,`rate`) values ('147',343.1);
insert ignore into `mbs_item_code`(`code`,`rate`) values ('149',0);
insert ignore into `mbs_item_code`(`code`,`rate`) values ('160',221.5);
insert ignore into `mbs_item_code`(`code`,`rate`) values ('161',369.15);
insert ignore into `mbs_item_code`(`code`,`rate`) values ('162',516.65);
insert ignore into `mbs_item_code`(`code`,`rate`) values ('163',664.55);
insert ignore into `mbs_item_code`(`code`,`rate`) values ('164',738.4);
insert ignore into `mbs_item_code`(`code`,`rate`) values ('170',117.55);
insert ignore into `mbs_item_code`(`code`,`rate`) values ('171',123.85);
insert ignore into `mbs_item_code`(`code`,`rate`) values ('172',150.7);
insert ignore into `mbs_item_code`(`code`,`rate`) values ('173',21.65);
insert ignore into `mbs_item_code`(`code`,`rate`) values ('193',37.05);
insert ignore into `mbs_item_code`(`code`,`rate`) values ('197',71.7);
insert ignore into `mbs_item_code`(`code`,`rate`) values ('199',105.55);
insert ignore into `mbs_item_code`(`code`,`rate`) values ('23',37.05);
insert ignore into `mbs_item_code`(`code`,`rate`) values ('288',0);
insert ignore into `mbs_item_code`(`code`,`rate`) values ('289',263.9);
insert ignore into `mbs_item_code`(`code`,`rate`) values ('291',452.65);
insert ignore into `mbs_item_code`(`code`,`rate`) values ('293',282.95);
insert ignore into `mbs_item_code`(`code`,`rate`) values ('296',260.3);
insert ignore into `mbs_item_code`(`code`,`rate`) values ('297',260.3);
insert ignore into `mbs_item_code`(`code`,`rate`) values ('299',311.3);
insert ignore into `mbs_item_code`(`code`,`rate`) values ('3',16.95);
insert ignore into `mbs_item_code`(`code`,`rate`) values ('300',43.35);
insert ignore into `mbs_item_code`(`code`,`rate`) values ('302',86.45);
insert ignore into `mbs_item_code`(`code`,`rate`) values ('304',133.1);
insert ignore into `mbs_item_code`(`code`,`rate`) values ('306',183.65);
insert ignore into `mbs_item_code`(`code`,`rate`) values ('308',213.15);
insert ignore into `mbs_item_code`(`code`,`rate`) values ('310',21.6);
insert ignore into `mbs_item_code`(`code`,`rate`) values ('312',43.35);
insert ignore into `mbs_item_code`(`code`,`rate`) values ('314',66.65);
insert ignore into `mbs_item_code`(`code`,`rate`) values ('316',91.95);
insert ignore into `mbs_item_code`(`code`,`rate`) values ('318',106.6);
insert ignore into `mbs_item_code`(`code`,`rate`) values ('319',183.65);
insert ignore into `mbs_item_code`(`code`,`rate`) values ('320',43.35);
insert ignore into `mbs_item_code`(`code`,`rate`) values ('322',86.45);
insert ignore into `mbs_item_code`(`code`,`rate`) values ('324',133.1);
insert ignore into `mbs_item_code`(`code`,`rate`) values ('326',183.65);
insert ignore into `mbs_item_code`(`code`,`rate`) values ('328',213.15);
insert ignore into `mbs_item_code`(`code`,`rate`) values ('330',79.55);
insert ignore into `mbs_item_code`(`code`,`rate`) values ('332',124.65);
insert ignore into `mbs_item_code`(`code`,`rate`) values ('334',181.65);
insert ignore into `mbs_item_code`(`code`,`rate`) values ('336',219.75);
insert ignore into `mbs_item_code`(`code`,`rate`) values ('338',249.55);
insert ignore into `mbs_item_code`(`code`,`rate`) values ('342',49.3);
insert ignore into `mbs_item_code`(`code`,`rate`) values ('344',65.45);
insert ignore into `mbs_item_code`(`code`,`rate`) values ('346',96.8);
insert ignore into `mbs_item_code`(`code`,`rate`) values ('348',126.75);
insert ignore into `mbs_item_code`(`code`,`rate`) values ('350',175);
insert ignore into `mbs_item_code`(`code`,`rate`) values ('352',126.75);
insert ignore into `mbs_item_code`(`code`,`rate`) values ('353',57.2);
insert ignore into `mbs_item_code`(`code`,`rate`) values ('355',114.45);
insert ignore into `mbs_item_code`(`code`,`rate`) values ('356',167.8);
insert ignore into `mbs_item_code`(`code`,`rate`) values ('357',231.45);
insert ignore into `mbs_item_code`(`code`,`rate`) values ('36',71.7);
insert ignore into `mbs_item_code`(`code`,`rate`) values ('44',105.55);
insert ignore into `mbs_item_code`(`code`,`rate`) values ('52',11);
insert ignore into `mbs_item_code`(`code`,`rate`) values ('53',21);
insert ignore into `mbs_item_code`(`code`,`rate`) values ('54',38);
insert ignore into `mbs_item_code`(`code`,`rate`) values ('57',61);
insert ignore into `mbs_item_code`(`code`,`rate`) values ('99',0);


insert ignore into `fixed_service_item_code`(`code`,`rate`) values ('FIX01',5616);
insert ignore into `fixed_service_item_code`(`code`,`rate`) values ('FIX02',3218);
insert ignore into `fixed_service_item_code`(`code`,`rate`) values ('FIX03',2214);
insert ignore into `fixed_service_item_code`(`code`,`rate`) values ('FIX04',1295);
insert ignore into `fixed_service_item_code`(`code`,`rate`) values ('FIX05',3218);
insert ignore into `fixed_service_item_code`(`code`,`rate`) values ('FIX06',1295);
insert ignore into `fixed_service_item_code`(`code`,`rate`) values ('FIX07',1295);
insert ignore into `fixed_service_item_code`(`code`,`rate`) values ('FIX08',250);
insert ignore into `fixed_service_item_code`(`code`,`rate`) values ('FIX09',711);
insert ignore into `fixed_service_item_code`(`code`,`rate`) values ('FIX10',340);
insert ignore into `fixed_service_item_code`(`code`,`rate`) values ('FIX11',138);



